feature,importance_mean,importance_std
carbonization_temperature_C,0.8339456213863233,0.09494096325915563
ssa_m2_g,0.20653566811224086,0.047978360805487445
current_density_mA_g,0.051439064010716976,0.016422634870469906
id_ig,0.040770857362522804,0.013271280235055779
d002_nm,0.025763371267042697,0.00874661155150309
electrolyte_type,0.004003640386891731,0.004656817024240267
