{
  "task": "ice",
  "data": "data/hc_dataset_ice.csv",
  "random_state": 42,
  "n_iter": 20,
  "cv_folds": 10,
  "n_total": 565,
  "n_train": 452,
  "n_test": 113,
  "feature_columns": [
    "carbonization_temperature_C",
    "d002_nm",
    "id_ig",
    "ssa_m2_g",
    "electrolyte_type",
    "current_density_mA_g"
  ],
  "best_cv_score_during_search": 0.7665577244485615,
  "best_params": {
    "bootstrap": true,
    "max_depth": 30,
    "max_features": "sqrt",
    "min_samples_leaf": 1,
    "min_samples_split": 2,
    "n_estimators": 600
  },
  "cv_summary": {
    "cv_r2_mean": 0.7665577244485615,
    "cv_r2_std": 0.05320339041450003,
    "cv_mae_mean": 0.25676132952260283,
    "cv_mae_std": 0.03209840178972171,
    "cv_rmse_mean": 0.33047156646755477,
    "cv_rmse_std": 0.05169194918272894
  },
  "train_cv_metrics": {
    "r2": 0.7703927773777997,
    "mae": 0.25693559079093775,
    "mse": 0.11173465503690208,
    "rmse": 0.33426734066746944
  },
  "test_metrics": {
    "r2": 0.8263801965976569,
    "mae": 0.2565243784309856,
    "mse": 0.09677440434671274,
    "rmse": 0.31108584722984867
  },
  "generalization_gap_r2": -0.05598741921985728
}