feature,importance_mean,importance_std
carbonization_temperature_C,0.4562137202375311,0.05256164335546455
ssa_m2_g,0.4395507853188253,0.05782174279741966
current_density_mA_g,0.11040967670804527,0.02237615836355537
d002_nm,0.019886662857516956,0.006447272664544458
electrolyte_type,0.007536484248871907,0.003329712244878963
id_ig,0.0042531341209538125,0.004833986168063069
