feature,importance_mean,importance_std,rank
ssa_m2_g,0.6903579305318353,0.1105824997257465,1
carbonization_temperature_C,0.4482713547254857,0.06327783148742844,2
current_density_mA_g,0.11431261858700603,0.023029080215988634,3
electrolyte_type,0.035162393508752644,0.019719138742738857,4
id_ig,0.02542378762397128,0.01261931655339486,5
d002_nm,0.020763214823314207,0.014220991340375331,6
