{
  "task": "ice",
  "data": "data/hc_dataset_ice.csv",
  "random_state": 42,
  "n_iter": 20,
  "cv_folds": 5,
  "n_total": 565,
  "n_train": 452,
  "n_test": 113,
  "feature_columns": [
    "carbonization_temperature_C",
    "d002_nm",
    "id_ig",
    "ssa_m2_g",
    "electrolyte_type",
    "current_density_mA_g"
  ],
  "best_cv_score_during_search": 0.7626539475474241,
  "best_params": {
    "bootstrap": true,
    "max_depth": 30,
    "max_features": "log2",
    "min_samples_leaf": 1,
    "min_samples_split": 2,
    "n_estimators": 600
  },
  "cv_summary": {
    "cv_r2_mean": 0.7626539475474241,
    "cv_r2_std": 0.019289018884846566,
    "cv_mae_mean": 0.25800486944926715,
    "cv_mae_std": 0.024322564706275005,
    "cv_rmse_mean": 0.337906739600359,
    "cv_rmse_std": 0.02865916260602239
  },
  "train_cv_metrics": {
    "r2": 0.7638998970652546,
    "mae": 0.2580427326534724,
    "mse": 0.11489431061582009,
    "rmse": 0.3389606328407771
  },
  "test_metrics": {
    "r2": 0.8263801965976569,
    "mae": 0.2565243784309856,
    "mse": 0.09677440434671274,
    "rmse": 0.31108584722984867
  },
  "generalization_gap_r2": -0.062480299532402306
}